,female,male
Huangbin,0.017654483,0.982345517
Huqiang,0.043199276,0.956800724
Heqijia,0.018050896,0.981949104
